{"cameraMode":{"drawMode":0,"name":"Shaded","section":"Shading Mode"},"sceneLighting":true,"audioPlay":false,"sceneViewState":{"showFog":true,"showMaterialUpdate":false,"showSkybox":true,"showFlares":true,"showImageEffects":true,"showParticleSystems":true},"in2DMode":false,"pivot":{"x":-1.079984426498413,"y":-0.3016739785671234,"z":-2.623563528060913},"rotation":{"x":-0.07508662343025208,"y":0.7403061389923096,"z":-0.0838695764541626,"w":-0.6627784371376038},"size":0.8157235980033875,"orthographic":false}